window_start,window_end,success_0_60,total_0_60,pct_0_60,success_180_300,total_180_300,pct_180_300
2026-09-01 12:00:00,2026-09-01 18:00:00,9047,12092,74.8181,41275,42497,97.1245
2026-09-01 18:00:00,2026-09-02 00:00:00,9154,12748,71.8073,36233,38216,94.8111
2026-09-02 00:00:00,2026-09-02 06:00:00,5914,12604,46.9216,25243,28195,89.5301
2026-09-02 06:00:00,2026-09-02 12:00:00,3345,5096,65.6397,17886,19053,93.875
2026-09-02 12:00:00,2026-09-02 18:00:00,5023,7971,63.0159,29790,30828,96.6329
2026-09-02 18:00:00,2026-09-03 00:00:00,7943,10808,73.4919,46469,47505,97.8192
2026-09-03 00:00:00,2026-09-03 06:00:00,4432,6461,68.5962,27810,28805,96.5457
2026-09-03 06:00:00,2026-09-03 12:00:00,5930,8305,71.4028,26404,27200,97.0735
2026-09-03 12:00:00,2026-09-03 18:00:00,7567,11064,68.393,37458,39065,95.8863
2026-09-03 18:00:00,2026-09-04 00:00:00,5219,10242,50.9568,32670,35029,93.2656
2026-09-04 00:00:00,2026-09-04 06:00:00,4265,6479,65.8281,25705,26161,98.2569
2026-09-04 06:00:00,2026-09-04 12:00:00,4502,6620,68.006,30179,30736,98.1878
2026-09-04 12:00:00,2026-09-04 18:00:00,7652,10065,76.0258,37685,38478,97.9391
2026-09-04 18:00:00,2026-09-05 00:00:00,5762,8135,70.8297,30213,31046,97.3169
2026-09-05 00:00:00,2026-09-05 06:00:00,5773,7742,74.5673,25965,26304,98.7112
2026-09-05 06:00:00,2026-09-05 12:00:00,5870,7894,74.3603,22327,22677,98.4566
2026-09-05 12:00:00,2026-09-05 18:00:00,7285,9860,73.8844,34285,35237,97.2983
2026-09-05 18:00:00,2026-09-06 00:00:00,8639,11241,76.8526,35594,36310,98.0281
2026-09-06 00:00:00,2026-09-06 06:00:00,5138,7002,73.379,26351,26951,97.7737
2026-09-06 06:00:00,2026-09-06 12:00:00,5307,7620,69.6457,24787,25455,97.3758
2026-09-06 12:00:00,2026-09-06 18:00:00,6809,9257,73.5551,36941,37643,98.1351
2026-09-06 18:00:00,2026-09-07 00:00:00,7003,9485,73.8324,39067,39774,98.2225
2026-09-07 00:00:00,2026-09-07 06:00:00,5554,7495,74.1027,26329,26978,97.5943
2026-09-07 06:00:00,2026-09-07 12:00:00,4349,6086,71.4591,23968,24444,98.0527
2026-09-07 12:00:00,2026-09-07 18:00:00,7616,9935,76.6583,35050,35691,98.204
2026-09-07 18:00:00,2026-09-08 00:00:00,7078,9213,76.8262,31868,32414,98.3155
2026-09-08 00:00:00,2026-09-08 06:00:00,4478,6087,73.5666,27912,28397,98.2921
2026-09-08 06:00:00,2026-09-08 12:00:00,3921,5570,70.395,23375,23831,98.0865
2026-09-08 12:00:00,2026-09-08 18:00:00,6175,8345,73.9964,27016,27832,97.0681
2026-09-08 18:00:00,2026-09-09 00:00:00,5707,7804,73.1292,35405,36097,98.0829
2026-09-09 00:00:00,2026-09-09 06:00:00,3982,5491,72.5187,21223,21934,96.7585
2026-09-09 06:00:00,2026-09-09 12:00:00,3199,4790,66.785,21185,21663,97.7935
2026-09-09 12:00:00,2026-09-09 18:00:00,22280,28203,78.9987,57454,58892,97.5582
2026-09-09 18:00:00,2026-09-10 00:00:00,9869,14238,69.3145,41265,42246,97.6779
2026-09-10 00:00:00,2026-09-10 06:00:00,5268,7568,69.6089,29986,30463,98.4342
2026-09-10 06:00:00,2026-09-10 12:00:00,5535,7443,74.3652,30591,31429,97.3337
2026-09-10 12:00:00,2026-09-10 18:00:00,6185,8593,71.9772,38962,39804,97.8846
2026-09-10 18:00:00,2026-09-11 00:00:00,5354,7582,70.6146,31635,32254,98.0809
2026-09-11 00:00:00,2026-09-11 06:00:00,4102,5760,71.2153,23164,23824,97.2297
2026-09-11 06:00:00,2026-09-11 12:00:00,4331,6149,70.4342,22847,23397,97.6493
2026-09-11 12:00:00,2026-09-11 18:00:00,5676,7837,72.4257,28669,30307,94.5953
2026-09-11 18:00:00,2026-09-12 00:00:00,6553,8545,76.6881,31081,31757,97.8713
2026-09-12 00:00:00,2026-09-12 06:00:00,4660,6190,75.2827,22597,23044,98.0602
2026-09-12 06:00:00,2026-09-12 12:00:00,3986,5217,76.4041,22063,22374,98.61
2026-09-12 12:00:00,2026-09-12 18:00:00,3558,5682,62.6188,24680,25582,96.4741
2026-09-12 18:00:00,2026-09-13 00:00:00,2230,4559,48.9142,20804,22175,93.8174
2026-09-13 00:00:00,2026-09-13 06:00:00,5149,6976,73.8102,21249,21693,97.9533
2026-09-13 06:00:00,2026-09-13 12:00:00,5199,7152,72.693,29851,30541,97.7407
2026-09-13 12:00:00,2026-09-13 18:00:00,4926,7119,69.1951,31345,32281,97.1005
2026-09-13 18:00:00,2026-09-14 00:00:00,4989,7501,66.5111,27183,28340,95.9174
2026-09-14 00:00:00,2026-09-14 06:00:00,2924,4708,62.1071,24557,25167,97.5762
2026-09-14 06:00:00,2026-09-14 12:00:00,2675,4543,58.8818,23796,24321,97.8414
2026-09-14 12:00:00,2026-09-14 18:00:00,3765,5805,64.8579,30359,31364,96.7957
2026-09-14 18:00:00,2026-09-15 00:00:00,6014,8621,69.7599,43400,44912,96.6334
2026-09-15 00:00:00,2026-09-15 06:00:00,3362,4898,68.6403,23881,24386,97.9291
2026-09-15 06:00:00,2026-09-15 12:00:00,3578,5106,70.0744,23831,24255,98.2519
2026-09-15 12:00:00,2026-09-15 18:00:00,5179,7784,66.5339,33747,34548,97.6815
2026-09-15 18:00:00,2026-09-16 00:00:00,3894,6301,61.7997,35269,36445,96.7732
2026-09-16 00:00:00,2026-09-16 06:00:00,2217,3634,61.0072,21181,21757,97.3526
2026-09-16 06:00:00,2026-09-16 12:00:00,4236,5829,72.6711,31991,32891,97.2637
2026-09-16 12:00:00,2026-09-16 18:00:00,10822,14026,77.1567,69508,72242,96.2155
2026-09-16 18:00:00,2026-09-17 00:00:00,15129,18702,80.8951,111571,116367,95.8786
2026-09-17 00:00:00,2026-09-17 06:00:00,14166,17216,82.2839,116966,121977,95.8918
2026-09-17 06:00:00,2026-09-17 12:00:00,5818,7449,78.1044,84944,87863,96.6778
2026-09-17 12:00:00,2026-09-17 18:00:00,7992,10143,78.7933,94232,97423,96.7246
2026-09-17 18:00:00,2026-09-18 00:00:00,4254,6231,68.2715,61568,64155,95.9676
2026-09-18 00:00:00,2026-09-18 06:00:00,3583,6067,59.0572,51287,53537,95.7973
2026-09-18 06:00:00,2026-09-18 12:00:00,7587,9536,79.5617,50151,51820,96.7792
2026-09-18 12:00:00,2026-09-18 18:00:00,3725,5637,66.0812,35098,35883,97.8123
2026-09-18 18:00:00,2026-09-19 00:00:00,4503,6502,69.2556,30630,31402,97.5416
2026-09-19 00:00:00,2026-09-19 06:00:00,3400,4980,68.2731,23881,24261,98.4337
2026-09-19 06:00:00,2026-09-19 12:00:00,3502,4894,71.557,26265,26623,98.6553
2026-09-19 12:00:00,2026-09-19 18:00:00,4618,6639,69.5587,32219,32881,97.9867
2026-09-19 18:00:00,2026-09-20 00:00:00,3533,5482,64.4473,27064,28207,95.9478
2026-09-20 00:00:00,2026-09-20 06:00:00,2744,3950,69.4684,20158,20739,97.1985
2026-09-20 06:00:00,2026-09-20 12:00:00,2036,3608,56.4302,17305,18409,94.0029
2026-09-20 12:00:00,2026-09-20 18:00:00,2175,3970,54.7859,19308,20876,92.489
2026-09-20 18:00:00,2026-09-21 00:00:00,2906,5041,57.6473,23261,24547,94.7611
2026-09-21 00:00:00,2026-09-21 06:00:00,2723,3756,72.4973,19856,20315,97.7406
2026-09-21 06:00:00,2026-09-21 12:00:00,3233,4649,69.5418,21487,21963,97.8327
2026-09-21 12:00:00,2026-09-21 18:00:00,5096,7352,69.3145,34780,35613,97.661
2026-09-21 18:00:00,2026-09-22 00:00:00,5698,7862,72.4752,34535,35397,97.5648
2026-09-22 00:00:00,2026-09-22 06:00:00,2733,3788,72.1489,21171,21697,97.5757
2026-09-22 06:00:00,2026-09-22 12:00:00,2731,4035,67.6828,21999,22410,98.166
2026-09-22 12:00:00,2026-09-22 18:00:00,4678,6439,72.651,28880,29451,98.0612
